Depth,URL,Title
0,https://efloraofindia.com/,eFlora of India – Database of Plants of Indian Subcontinent
1,https://efloraofindia.com/article-categories/species/,*Species- Seed plants (families) – eFlora of India
1,https://efloraofindia.com/article-categories/a-l-d0/,A—L (families) – eFlora of India
1,https://efloraofindia.com/article-categories/m-z/,M—Z (families) – eFlora of India
1,https://efloraofindia.com/article-categories/about-us/,About Us – eFlora of India
1,https://efloraofindia.com/article-categories/acanthaceae/,Acanthaceae – eFlora of India
1,https://efloraofindia.com/article-categories/achariaceae/,Achariaceae – eFlora of India
1,https://efloraofindia.com/article-categories/acoraceae/,Acoraceae – eFlora of India
1,https://efloraofindia.com/article-categories/actinidiaceae/,Actinidiaceae – eFlora of India
1,https://efloraofindia.com/article-categories/adoxaceae/,Adoxaceae – eFlora of India
1,https://efloraofindia.com/article-categories/aizoaceae/,Aizoaceae – eFlora of India
1,https://efloraofindia.com/article-categories/alismataceae/,Alismataceae – eFlora of India
1,https://efloraofindia.com/article-categories/alstroemeriaceae/,Alstroemeriaceae – eFlora of India
1,https://efloraofindia.com/article-categories/altingiaceae/,Altingiaceae – eFlora of India
1,https://efloraofindia.com/article-categories/amaranthaceae/,Amaranthaceae – eFlora of India
1,https://efloraofindia.com/article-categories/amaryllidaceae/,Amaryllidaceae – eFlora of India
1,https://efloraofindia.com/article-categories/amborellaceae/,Amborellaceae – eFlora of India
1,https://efloraofindia.com/article-categories/anacardiaceae/,Anacardiaceae – eFlora of India
1,https://efloraofindia.com/article-categories/ancistrocladaceae/,Ancistrocladaceae – eFlora of India
1,https://efloraofindia.com/article-categories/annonaceae/,Annonaceae – eFlora of India
1,https://efloraofindia.com/article-categories/apiaceae/,Apiaceae – eFlora of India
1,https://efloraofindia.com/article-categories/apocynaceae/,Apocynaceae – eFlora of India
1,https://efloraofindia.com/article-categories/aponogetonaceae/,Aponogetonaceae – eFlora of India
1,https://efloraofindia.com/article-categories/aquifoliaceae/,Aquifoliaceae – eFlora of India
1,https://efloraofindia.com/article-categories/araceae/,Araceae – eFlora of India
1,https://efloraofindia.com/article-categories/araliaceae/,Araliaceae – eFlora of India
1,https://efloraofindia.com/article-categories/araucariaceae/,Araucariaceae – eFlora of India
1,https://efloraofindia.com/article-categories/arecaceae/,Arecaceae – eFlora of India
1,https://efloraofindia.com/article-categories/aristolochiaceae/,Aristolochiaceae – eFlora of India
1,https://efloraofindia.com/article-categories/asparagaceae/,Asparagaceae – eFlora of India
1,https://efloraofindia.com/article-categories/asphodelaceae/,Asphodelaceae – eFlora of India
1,https://efloraofindia.com/article-categories/asteraceae/,Asteraceae (Compositae) – eFlora of India
1,https://efloraofindia.com/article-categories/atherospermataceae/,Atherospermataceae – eFlora of India
1,https://efloraofindia.com/article-categories/balanophoraceae/,Balanophoraceae – eFlora of India
1,https://efloraofindia.com/article-categories/balsaminaceae/,Balsaminaceae – eFlora of India
1,https://efloraofindia.com/article-categories/basellaceae/,Basellaceae – eFlora of India
1,https://efloraofindia.com/article-categories/begoniaceae/,Begoniaceae – eFlora of India
1,https://efloraofindia.com/article-categories/berberidaceae/,Berberidaceae – eFlora of India
1,https://efloraofindia.com/article-categories/betulaceae/,Betulaceae – eFlora of India
1,https://efloraofindia.com/article-categories/bignoniaceae/,Bignoniaceae – eFlora of India
1,https://efloraofindia.com/article-categories/bixaceae/,Bixaceae – eFlora of India
1,https://efloraofindia.com/article-categories/boraginaceae/,Boraginaceae – eFlora of India
1,https://efloraofindia.com/article-categories/brassicaceae/,Brassicaceae – eFlora of India
1,https://efloraofindia.com/article-categories/bromeliaceae/,Bromeliaceae – eFlora of India
1,https://efloraofindia.com/article-categories/bruniaceae/,Bruniaceae – eFlora of India
1,https://efloraofindia.com/article-categories/burmanniaceae/,Burmanniaceae – eFlora of India
1,https://efloraofindia.com/article-categories/burseraceae/,Burseraceae – eFlora of India
1,https://efloraofindia.com/article-categories/butomaceae/,Butomaceae – eFlora of India
1,https://efloraofindia.com/article-categories/buxaceae/,Buxaceae – eFlora of India
1,https://efloraofindia.com/article-categories/cabombaceae/,Cabombaceae – eFlora of India
1,https://efloraofindia.com/article-categories/cactaceae/,Cactaceae – eFlora of India
1,https://efloraofindia.com/article-categories/calceolariaceae/,Calceolariaceae – eFlora of India
1,https://efloraofindia.com/article-categories/calophyllaceae/,Calophyllaceae – eFlora of India
1,https://efloraofindia.com/article-categories/calycanthaceae/,Calycanthaceae – eFlora of India
1,https://efloraofindia.com/article-categories/campanulaceae/,Campanulaceae – eFlora of India
1,https://efloraofindia.com/article-categories/cannabaceae/,Cannabaceae – eFlora of India
1,https://efloraofindia.com/article-categories/cannaceae/,Cannaceae – eFlora of India
1,https://efloraofindia.com/article-categories/capparaceae/,Capparaceae – eFlora of India
1,https://efloraofindia.com/article-categories/caprifoliaceae/,Caprifoliaceae – eFlora of India
1,https://efloraofindia.com/article-categories/cardiopteridaceae/,Cardiopteridaceae – eFlora of India
1,https://efloraofindia.com/article-categories/caricaceae/,Caricaceae – eFlora of India
1,https://efloraofindia.com/article-categories/carlemanniaceae/,Carlemanniaceae – eFlora of India
1,https://efloraofindia.com/article-categories/caryophyllaceae/,Caryophyllaceae – eFlora of India
1,https://efloraofindia.com/article-categories/casuarinaceae/,Casuarinaceae – eFlora of India
1,https://efloraofindia.com/article-categories/celastraceae/,Celastraceae – eFlora of India
1,https://efloraofindia.com/article-categories/cephalotaxaceae/,Cephalotaxaceae – eFlora of India
1,https://efloraofindia.com/article-categories/ceratophyllaceae/,Ceratophyllaceae – eFlora of India
1,https://efloraofindia.com/article-categories/cercidiphyllaceae/,Cercidiphyllaceae – eFlora of India
1,https://efloraofindia.com/article-categories/chloranthaceae/,Chloranthaceae – eFlora of India
1,https://efloraofindia.com/article-categories/circaeasteraceae/,Circaeasteraceae – eFlora of India
1,https://efloraofindia.com/article-categories/cistaceae/,Cistaceae – eFlora of India
1,https://efloraofindia.com/article-categories/cleomaceae/,Cleomaceae – eFlora of India
1,https://efloraofindia.com/article-categoriesl/clusiaceae/,Clusiaceae – eFlora of India
1,https://efloraofindia.com/article-categories/colchicaceae/,Colchicaceae – eFlora of India
1,https://efloraofindia.com/article-categories/combretaceae-d9/,Combretaceae – eFlora of India
1,https://efloraofindia.com/article-categories/commelinaceae/,Commelinaceae – eFlora of India
1,https://efloraofindia.com/article-categories/connaraceae/,Connaraceae – eFlora of India
1,https://efloraofindia.com/article-categories/convolvulaceae/,Convolvulaceae – eFlora of India
1,https://efloraofindia.com/article-categories/coriariaceae/,Coriariaceae – eFlora of India
1,https://efloraofindia.com/article-categories/cornaceae/,Cornaceae – eFlora of India
1,https://efloraofindia.com/article-categories/costaceae/,Costaceae – eFlora of India
1,https://efloraofindia.com/article-categories/crassulaceae/,Crassulaceae – eFlora of India
1,https://efloraofindia.com/article-categories/cucurbitaceae/,Cucurbitaceae – eFlora of India
1,https://efloraofindia.com/article-categories/cunoniaceae/,Cunoniaceae – eFlora of India
1,https://efloraofindia.com/article-categories/cupressaceae/,Cupressaceae – eFlora of India
1,https://efloraofindia.com/article-categories/cycadaceae/,Cycadaceae – eFlora of India
1,https://efloraofindia.com/article-categories/cyperaceae/,Cyperaceae – eFlora of India
1,https://efloraofindia.com/article-categories/cyrillaceae/,Cyrillaceae – eFlora of India
1,https://efloraofindia.com/article-categories/daphniphyllaceae/,Daphniphyllaceae – eFlora of India
1,https://efloraofindia.com/article-categories/datiscaceae/,Datiscaceae – eFlora of India
1,https://efloraofindia.com/article-categories/diapensiaceae/,Diapensiaceae – eFlora of India
1,https://efloraofindia.com/article-categories/dichapetalaceae/,Dichapetalaceae – eFlora of India
1,https://efloraofindia.com/article-categories/didiereaceae/,Didiereaceae – eFlora of India
1,https://efloraofindia.com/article-categories/dilleniaceae/,Dilleniaceae – eFlora of India
1,https://efloraofindia.com/article-categories/dioscoreaceae/,Dioscoreaceae – eFlora of India
1,https://efloraofindia.com/article-categories/dipentodontaceae/,Dipentodontaceae – eFlora of India
1,https://efloraofindia.com/article-categories/dipterocarpaceae/,Dipterocarpaceae – eFlora of India
1,https://efloraofindia.com/article-categories/doryanthaceae/,Doryanthaceae – eFlora of India
1,https://efloraofindia.com/article-categories/droseraceae/,Droseraceae – eFlora of India
1,https://efloraofindia.com/article-categories/ebenaceae/,Ebenaceae – eFlora of India
1,https://efloraofindia.com/article-categories/elaeagnaceae/,Elaeagnaceae – eFlora of India
1,https://efloraofindia.com/article-categories/elaeaocarpaceae/,Elaeaocarpaceae – eFlora of India
1,https://efloraofindia.com/article-categories/elatinaceae/,Elatinaceae – eFlora of India
1,https://efloraofindia.com/article-categories/ephedraceae/,Ephedraceae – eFlora of India
1,https://efloraofindia.com/article-categories/ericaceae/,Ericaceae – eFlora of India
1,https://efloraofindia.com/article-categories/eriocaulaceae/,Eriocaulaceae – eFlora of India
1,https://efloraofindia.com/article-categories/erythroxylaceae/,Erythroxylaceae – eFlora of India
1,https://efloraofindia.com/article-categories/escalloniaceae/,Escalloniaceae – eFlora of India
1,https://efloraofindia.com/article-categories/euphorbiaceae/,Euphorbiaceae – eFlora of India
1,https://efloraofindia.com/article-categories/fabaceae/,Fabaceae (Leguminosae) – eFlora of India
1,https://efloraofindia.com/article-categories/fagaceae/,Fagaceae – eFlora of India
1,https://efloraofindia.com/article-categories/fouquieriaceae/,Fouquieriaceae – eFlora of India
1,https://efloraofindia.com/article-categories/garryaceae/,Garryaceae – eFlora of India
1,https://efloraofindia.com/article-categories/gelsemiaceae/,Gelsemiaceae – eFlora of India
1,https://efloraofindia.com/article-categories/gentianaceae/,Gentianaceae – eFlora of India
1,https://efloraofindia.com/article-categories/geraniaceae/,Geraniaceae – eFlora of India
1,https://efloraofindia.com/article-categories/gesneriaceae/,Gesneriaceae – eFlora of India
1,https://efloraofindia.com/article-categories/ginkgoaceae/,Ginkgoaceae – eFlora of India
1,https://efloraofindia.com/article-categories/gisekiaceae/,Gisekiaceae – eFlora of India
1,https://efloraofindia.com/article-categories/gnetaceae/,Gnetaceae – eFlora of India
1,https://efloraofindia.com/article-categories/goodeniaceae/,Goodeniaceae – eFlora of India
1,https://efloraofindia.com/article-categories/grossulariaceae/,Grossulariaceae – eFlora of India
1,https://efloraofindia.com/article-categories/gunneraceae/,Gunneraceae – eFlora of India
1,https://efloraofindia.com/article-categories/haemodoraceae/,Haemodoraceae – eFlora of India
1,https://efloraofindia.com/article-categories/haloragaceae/,Haloragaceae – eFlora of India
1,https://efloraofindia.com/article-categories/hamamelidaceae/,Hamamelidaceae – eFlora of India
1,https://efloraofindia.com/article-categories/heliconiaceae/,Heliconiaceae – eFlora of India
1,https://efloraofindia.com/article-categories/helwingiaceae/,Helwingiaceae – eFlora of India
1,https://efloraofindia.com/article-categories/hernandiaceae/,Hernandiaceae – eFlora of India
1,https://efloraofindia.com/article-categories/hydrangeaceae/,Hydrangeaceae – eFlora of India
1,https://efloraofindia.com/article-categories/hydrocharitaceae/,Hydrocharitaceae – eFlora of India
1,https://efloraofindia.com/article-categories/hypericaceae/,Hypericaceae – eFlora of India
1,https://efloraofindia.com/article-categories/hypoxidaceae/,Hypoxidaceae – eFlora of India
1,https://efloraofindia.com/article-categories/icacinaceae/,Icacinaceae – eFlora of India
1,https://efloraofindia.com/article-categories/iridaceae/,Iridaceae – eFlora of India
1,https://efloraofindia.com/article-categories/iteaceae/,Iteaceae – eFlora of India
1,https://efloraofindia.com/article-categories/juglandaceae/,Juglandaceae – eFlora of India
1,https://efloraofindia.com/article-categories/juncaceae/,Juncaceae – eFlora of India
1,https://efloraofindia.com/article-categories/juncaginaceae/,Juncaginaceae – eFlora of India
1,https://efloraofindia.com/article-categories/lamiaceae/,Lamiaceae – eFlora of India
1,https://efloraofindia.com/article-categories/lardizabalaceae/,Lardizabalaceae – eFlora of India
1,https://efloraofindia.com/article-categories/lauraceae/,Lauraceae – eFlora of India
1,https://efloraofindia.com/article-categories/lecythidaceae/,Lecythidaceae – eFlora of India
1,https://efloraofindia.com/article-categories/lentibulariaceae/,Lentibulariaceae – eFlora of India
1,https://efloraofindia.com/article-categories/liliaceae/,Liliaceae – eFlora of India
1,https://efloraofindia.com/article-categories/limeaceae/,Limeaceae – eFlora of India
1,https://efloraofindia.com/article-categories/linaceae/,Linaceae – eFlora of India
1,https://efloraofindia.com/article-categories/linderniaceae/,Linderniaceae – eFlora of India
1,https://efloraofindia.com/article-categories/loganiaceae/,Loganiaceae – eFlora of India
1,https://efloraofindia.com/article-categories/lophiocarpaceae/,Lophiocarpaceae – eFlora of India
1,https://efloraofindia.com/article-categories/loranthaceae/,Loranthaceae – eFlora of India
1,https://efloraofindia.com/article-categories/lythraceae/,Lythraceae – eFlora of India
1,https://efloraofindia.com/article-categories/magnoliaceae/,Magnoliaceae – eFlora of India
1,https://efloraofindia.com/article-categories/malpighiaceae/,Malpighiaceae – eFlora of India
1,https://efloraofindia.com/article-categories/malvaceae/,Malvaceae – eFlora of India
1,https://efloraofindia.com/article-categories/marantaceae/,Marantaceae – eFlora of India
1,https://efloraofindia.com/article-categories/martyniaceae/,Martyniaceae – eFlora of India
1,https://efloraofindia.com/article-categories/melanthiaceae/,Melanthiaceae – eFlora of India
1,https://efloraofindia.com/article-categories/melastomataceae/,Melastomataceae – eFlora of India
1,https://efloraofindia.com/article-categories/meliaceae/,Meliaceae – eFlora of India
1,https://efloraofindia.com/article-categories/melianthaceae/,Melianthaceae – eFlora of India
1,https://efloraofindia.com/article-categories/menispermaceae/,Menispermaceae – eFlora of India
1,https://efloraofindia.com/article-categories/menyanthaceae/,Menyanthaceae – eFlora of India
1,https://efloraofindia.com/article-categories/montiaceae/,Montiaceae – eFlora of India
1,https://efloraofindia.com/article-categories/moraceae/,Moraceae – eFlora of India
1,https://efloraofindia.com/article-categories/moringaceae/,Moringaceae – eFlora of India
1,https://efloraofindia.com/article-categories/muntingiaceae/,Muntingiaceae – eFlora of India
1,https://efloraofindia.com/article-categories/musaceae/,Musaceae – eFlora of India
1,https://efloraofindia.com/article-categories/myricaceae/,Myricaceae – eFlora of India
1,https://efloraofindia.com/article-categories/myristicaceae/,Myristicaceae – eFlora of India
1,https://efloraofindia.com/article-categories/myrtaceae/,Myrtaceae – eFlora of India
1,https://efloraofindia.com/article-categories/nartheciaceae/,Nartheciaceae – eFlora of India
1,https://efloraofindia.com/article-categories/nelumbonaceae/,Nelumbonaceae – eFlora of India
1,https://efloraofindia.com/article-categories/nepenthaceae/,Nepenthaceae – eFlora of India
1,https://efloraofindia.com/article-categories/nyctaginaceae/,Nyctaginaceae – eFlora of India
1,https://efloraofindia.com/article-categories/nymphaeaceae/,Nymphaeaceae – eFlora of India
1,https://efloraofindia.com/article-categories/nyssaceae/,Nyssaceae – eFlora of India
1,https://efloraofindia.com/article-categories/ochnaceae/,Ochnaceae – eFlora of India
1,https://efloraofindia.com/article-categories/olacaceae/,Olacaceae – eFlora of India
1,https://efloraofindia.com/article-categories/oleaceae/,Oleaceae – eFlora of India
1,https://efloraofindia.com/article-categories/onagraceae/,Onagraceae – eFlora of India
1,https://efloraofindia.com/article-categories/opiliaceae/,Opiliaceae – eFlora of India
1,https://efloraofindia.com/article-categories/orchidaceae/,Orchidaceae – eFlora of India
1,https://efloraofindia.com/article-categories/orobanchaceae/,Orobanchaceae – eFlora of India
1,https://efloraofindia.com/article-categories/oxalidaceae/,Oxalidaceae – eFlora of India
1,https://efloraofindia.com/article-categories/paeoniaceae/,Paeoniaceae – eFlora of India
1,https://efloraofindia.com/article-categories/pandanaceae/,Pandanaceae – eFlora of India
1,https://efloraofindia.com/article-categories/papaveraceae/,Papaveraceae – eFlora of India
1,https://efloraofindia.com/article-categories/passifloraceae/,Passifloraceae – eFlora of India
1,https://efloraofindia.com/article-categories/paulowniaceae/,Paulowniaceae – eFlora of India
1,https://efloraofindia.com/article-categories/pedaliaceae/,Pedaliaceae – eFlora of India
1,https://efloraofindia.com/article-categories/pentaphylacaceae/,Pentaphylacaceae – eFlora of India
1,https://efloraofindia.com/article-categories/peraceae/,Peraceae – eFlora of India
1,https://efloraofindia.com/article-categories/phrymaceae/,Phrymaceae – eFlora of India
1,https://efloraofindia.com/article-categories/phyllanthaceae/,Phyllanthaceae – eFlora of India
1,https://efloraofindia.com/article-categories/phytolaccaceae/,Phytolaccaceae – eFlora of India
1,https://efloraofindia.com/article-categories/picrodendraceae/,Picrodendraceae – eFlora of India
1,https://efloraofindia.com/article-categories/pinaceae/,Pinaceae – eFlora of India
1,https://efloraofindia.com/article-categories/piperaceae/,Piperaceae – eFlora of India
1,https://efloraofindia.com/article-categories/pittosporaceae/,Pittosporaceae – eFlora of India
1,https://efloraofindia.com/article-categories/plantaginaceae/,Plantaginaceae – eFlora of India
1,https://efloraofindia.com/article-categories/platanaceae/,Platanaceae – eFlora of India
1,https://efloraofindia.com/article-categories/plumbaginaceae/,Plumbaginaceae – eFlora of India
1,https://efloraofindia.com/article-categories/poaceae/,Poaceae – eFlora of India
1,https://efloraofindia.com/article-categories/podocarpaceae/,Podocarpaceae – eFlora of India
1,https://efloraofindia.com/article-categories/podostemaceae/,Podostemaceae – eFlora of India
1,https://efloraofindia.com/article-categories/polemoniaceae/,Polemoniaceae – eFlora of India
1,https://efloraofindia.com/article-categories/polygalaceae/,Polygalaceae – eFlora of India
1,https://efloraofindia.com/article-categories/polygonaceae/,Polygonaceae – eFlora of India
1,https://efloraofindia.com/article-categories/pontederiaceae/,Pontederiaceae – eFlora of India
1,https://efloraofindia.com/article-categories/portulacaceae/,Portulacaceae – eFlora of India
1,https://efloraofindia.com/article-categories/potamogetonaceae/,Potamogetonaceae – eFlora of India
1,https://efloraofindia.com/article-categories/primulaceae/,Primulaceae – eFlora of India
1,https://efloraofindia.com/article-categories/proteaceae/,Proteaceae – eFlora of India
1,https://efloraofindia.com/article-categories/putranjivaceae/,Putranjivaceae – eFlora of India
1,https://efloraofindia.com/article-categories/rafflesiaceae/,Rafflesiaceae – eFlora of India
1,https://efloraofindia.com/article-categories/ranunculaceae/,Ranunculaceae – eFlora of India
1,https://efloraofindia.com/article-categories/resedaceae/,Resedaceae – eFlora of India
1,https://efloraofindia.com/article-categories/restionaceae/,Restionaceae – eFlora of India
1,https://efloraofindia.com/article-categories/rhamnaceae/,Rhamnaceae – eFlora of India
1,https://efloraofindia.com/article-categories/rhizophoraceae/,Rhizophoraceae – eFlora of India
1,https://efloraofindia.com/article-categories/rosaceae/,Rosaceae – eFlora of India
1,https://efloraofindia.com/article-categories/rubiaceae/,Rubiaceae – eFlora of India
1,https://efloraofindia.com/article-categories/ruppiaceae/,Ruppiaceae – eFlora of India
1,https://efloraofindia.com/article-categories/rutaceae/,Rutaceae – eFlora of India
1,https://efloraofindia.com/article-categories/sabiaceae/,Sabiaceae – eFlora of India
1,https://efloraofindia.com/article-categories/salicaceae/,Salicaceae – eFlora of India
1,https://efloraofindia.com/article-categories/salvadoraceae/,Salvadoraceae – eFlora of India
1,https://efloraofindia.com/article-categories/santalaceae/,Santalaceae – eFlora of India
1,https://efloraofindia.com/article-categories/sapindaceae/,Sapindaceae – eFlora of India
1,https://efloraofindia.com/article-categories/sapotaceae/,Sapotaceae – eFlora of India
1,https://efloraofindia.com/article-categories/sarraceniaceae/,Sarraceniaceae – eFlora of India
1,https://efloraofindia.com/article-categories/saururaceae/,Saururaceae – eFlora of India
1,https://efloraofindia.com/article-categories/saxifragaceae/,Saxifragaceae – eFlora of India
1,https://efloraofindia.com/article-categories/schisandraceae/,Schisandraceae – eFlora of India
1,https://efloraofindia.com/article-categories/schoepfiaceae/,Schoepfiaceae – eFlora of India
1,https://efloraofindia.com/article-categories/scrophulariaceae/,Scrophulariaceae – eFlora of India
1,https://efloraofindia.com/article-categories/simaroubaceae/,Simaroubaceae – eFlora of India
1,https://efloraofindia.com/article-categories/smilacaceae/,Smilacaceae – eFlora of India
1,https://efloraofindia.com/article-categories/solanaceae/,Solanaceae – eFlora of India
1,https://efloraofindia.com/article-categories/sphenocleaceae/,Sphenocleaceae – eFlora of India
1,https://efloraofindia.com/article-categories/stachyuraceae/,Stachyuraceae – eFlora of India
1,https://efloraofindia.com/article-categories/staphyleaceae/,Staphyleaceae – eFlora of India
1,https://efloraofindia.com/article-categories/stemonaceae/,Stemonaceae – eFlora of India
1,https://efloraofindia.com/article-categories/stemonuraceae/,Stemonuraceae – eFlora of India
1,https://efloraofindia.com/article-categories/stilbaceae/,Stilbaceae – eFlora of India
1,https://efloraofindia.com/article-categories/strelitziaceae/,Strelitziaceae – eFlora of India
1,https://efloraofindia.com/article-categories/stylidiaceae/,Stylidiaceae – eFlora of India
1,https://efloraofindia.com/article-categories/styracaceae/,Styracaceae – eFlora of India
1,https://efloraofindia.com/article-categories/surianaceae/,Surianaceae – eFlora of India
1,https://efloraofindia.com/article-categories/symplocaceae/,Symplocaceae – eFlora of India
1,https://efloraofindia.com/article-categories/talinaceae/,Talinaceae – eFlora of India
1,https://efloraofindia.com/article-categories/tamaricaceae/,Tamaricaceae – eFlora of India
1,https://efloraofindia.com/article-categories/taxaceae/,Taxaceae – eFlora of India
1,https://efloraofindia.com/article-categories/tetramelaceae/,Tetramelaceae – eFlora of India
1,https://efloraofindia.com/article-categories/theaceae/,Theaceae – eFlora of India
1,https://efloraofindia.com/article-categories/thymelaeaceae/,Thymelaeaceae – eFlora of India
1,https://efloraofindia.com/article-categories/trochodendraceae/,Trochodendraceae – eFlora of India
1,https://efloraofindia.com/article-categories/tropaeolaceae/,Tropaeolaceae – eFlora of India
1,https://efloraofindia.com/article-categories/typhaceae/,Typhaceae – eFlora of India
1,https://efloraofindia.com/article-categories/ulmaceae/,Ulmaceae – eFlora of India
1,https://efloraofindia.com/article-categories/unidentified/,Unidentified – eFlora of India
1,https://efloraofindia.com/article-categories/urticaceae/,Urticaceae – eFlora of India
1,https://efloraofindia.com/article-categories/vahliaceae/,Vahliaceae – eFlora of India
1,https://efloraofindia.com/article-categories/verbenaceae/,Verbenaceae – eFlora of India
1,https://efloraofindia.com/article-categories/violaceae/,Violaceae – eFlora of India
1,https://efloraofindia.com/article-categories/vitaceae/,Vitaceae – eFlora of India
1,https://efloraofindia.com/article-categories/welwitschiaceae/,Welwitschiaceae – eFlora of India
1,https://efloraofindia.com/article-categories/xeronemataceae/,Xeronemataceae – eFlora of India
1,https://efloraofindia.com/article-categories/xyridaceae/,Xyridaceae – eFlora of India
1,https://efloraofindia.com/article-categories/zamiaceae/,Zamiaceae – eFlora of India
1,https://efloraofindia.com/article-categories/zingiberaceae/,Zingiberaceae – eFlora of India
1,https://efloraofindia.com/article-categories/zygophyllaceae/,Zygophyllaceae – eFlora of India
1,https://efloraofindia.com/article-categories/aspleniaceae/,Aspleniaceae – eFlora of India
1,https://efloraofindia.com/article-categories/athyriaceae/,Athyriaceae – eFlora of India
1,https://efloraofindia.com/article-categories/blechnaceae/,Blechnaceae – eFlora of India
1,https://efloraofindia.com/article-categories/ceratopteridaceae/,Ceratopteridaceae – eFlora of India
1,https://efloraofindia.com/article-categories/cyatheaceae/,Cyatheaceae – eFlora of India
1,https://efloraofindia.com/article-categories/dennstaedtiaceae/,Dennstaedtiaceae – eFlora of India
1,https://efloraofindia.com/article-categories/dicksoniaceae/,Dicksoniaceae – eFlora of India
1,https://efloraofindia.com/article-categories/equisetaceae/,Equisetaceae – eFlora of India
1,https://efloraofindia.com/article-categories/gleicheniaceae/,Gleicheniaceae – eFlora of India
1,https://efloraofindia.com/article-categories/hymenophyllaceae/,Hymenophyllaceae – eFlora of India
1,https://efloraofindia.com/article-categories/isoetaceae/,Isoetaceae – eFlora of India
1,https://efloraofindia.com/article-categories/lindsaeaceae/,Lindsaeaceae – eFlora of India
1,https://efloraofindia.com/article-categories/lycopodiaceae/,Lycopodiaceae – eFlora of India
1,https://efloraofindia.com/article-categories/marattiaceae/,Marattiaceae – eFlora of India
1,https://efloraofindia.com/article-categories/marsileaceae/,Marsileaceae – eFlora of India
1,https://efloraofindia.com/article-categories/ophioglossaceae/,Ophioglossaceae – eFlora of India
1,https://efloraofindia.com/article-categories/osmundaceae/,Osmundaceae – eFlora of India
1,https://efloraofindia.com/article-categories/polypodiaceae/,Polypodiaceae – eFlora of India
1,https://efloraofindia.com/article-categories/psilotaceae/,Psilotaceae – eFlora of India
1,https://efloraofindia.com/article-categories/pteridaceae/,Pteridaceae – eFlora of India
1,https://efloraofindia.com/article-categories/salviniaceae/,Salviniaceae – eFlora of India
1,https://efloraofindia.com/article-categories/schizaeaceae/,Schizaeaceae – eFlora of India
1,https://efloraofindia.com/article-categories/selaginellaceae/,Selaginellaceae – eFlora of India
1,https://efloraofindia.com/article-categories/best-of-the-month/,Best of the Month – eFlora of India
1,https://efloraofindia.com/article-categories/books-on-indian-flora/,Books on Indian Flora – eFlora of India
1,https://efloraofindia.com/article-categories/publications-d25/,Database of publications – eFlora of India
1,https://efloraofindia.com/article-categories/efloraofindias-journey/,eFloraofIndia’s journey – eFlora of India
1,https://efloraofindia.com/article-categories/general-efi-posts/,General – eFlora of India
1,https://efloraofindia.com/article-categories/species-ferns/,Species- Ferns (families) – eFlora of India
1,https://efloraofindia.com/article-categories/species-fungi/,"Species- Fungi (Phylum, Class, Family) – eFlora of India"
1,https://efloraofindia.com/article-categories/species-others/,Species- others (families) – eFlora of India
1,https://efloraofindia.com/article-categories/flora/,Threatened/ Endemic Flora of India – eFlora of India
1,https://efloraofindia.com/article-categories/for-members-information/,For members’ information – eFlora of India
1,https://efloraofindia.com/article-categories/volunteers-required-d58/,Volunteers required – eFlora of India
